{"cameraMode":{"drawMode":0,"name":"Shaded","section":"Shading Mode"},"sceneLighting":true,"audioPlay":false,"sceneViewState":{"showFog":true,"showMaterialUpdate":false,"showSkybox":true,"showFlares":true,"showImageEffects":true,"showParticleSystems":true},"in2DMode":false,"pivot":{"x":518.6234741210938,"y":124.699462890625,"z":502.845703125},"rotation":{"x":0.2867067754268646,"y":-0.05891503766179085,"z":0.017582636326551439,"w":0.956180989742279},"size":2084.40234375,"orthographic":false}