{"cameraMode":{"drawMode":0,"name":"Shaded","section":"Shading Mode"},"sceneLighting":true,"audioPlay":false,"sceneViewState":{"showFog":true,"showMaterialUpdate":false,"showSkybox":true,"showFlares":true,"showImageEffects":true,"showParticleSystems":true},"in2DMode":false,"pivot":{"x":94.91319274902344,"y":19.799999237060548,"z":-801.0},"rotation":{"x":-0.09019133448600769,"y":-0.01583966426551342,"z":0.0013255407102406026,"w":-0.995959460735321},"size":59.50855255126953,"orthographic":false}