{"cameraMode":{"drawMode":0,"name":"Shaded","section":"Shading Mode"},"sceneLighting":true,"audioPlay":false,"sceneViewState":{"showFog":true,"showMaterialUpdate":false,"showSkybox":true,"showFlares":true,"showImageEffects":true,"showParticleSystems":true},"in2DMode":false,"pivot":{"x":94.91319274902344,"y":19.799999237060548,"z":-801.0},"rotation":{"x":-0.21364249289035798,"y":0.09295477718114853,"z":-0.021003106608986856,"w":-0.9724721908569336},"size":68.87960052490235,"orthographic":false}