{"cameraMode":{"drawMode":0,"name":"Shaded","section":"Shading Mode"},"sceneLighting":true,"audioPlay":false,"sceneViewState":{"showFog":true,"showMaterialUpdate":false,"showSkybox":true,"showFlares":true,"showImageEffects":true,"showParticleSystems":true},"in2DMode":false,"pivot":{"x":-491.7314453125,"y":7.508460998535156,"z":-340.51715087890627},"rotation":{"x":-0.2996910810470581,"y":0.1668095588684082,"z":-0.053659405559301379,"w":-0.9380026459693909},"size":1211.875732421875,"orthographic":false}