{"cameraMode":{"drawMode":0,"name":"Shaded","section":"Shading Mode"},"sceneLighting":true,"audioPlay":false,"sceneViewState":{"showFog":true,"showMaterialUpdate":false,"showSkybox":true,"showFlares":true,"showImageEffects":true,"showParticleSystems":true},"in2DMode":false,"pivot":{"x":-726.1738891601563,"y":18.582809448242189,"z":214.2108917236328},"rotation":{"x":-0.20906955003738404,"y":0.6308250427246094,"z":-0.1819765716791153,"w":-0.7249323725700378},"size":1946.8828125,"orthographic":false}