{"cameraMode":{"drawMode":0,"name":"Shaded","section":"Shading Mode"},"sceneLighting":true,"audioPlay":false,"sceneViewState":{"showFog":true,"showMaterialUpdate":false,"showSkybox":true,"showFlares":true,"showImageEffects":true,"showParticleSystems":true},"in2DMode":false,"pivot":{"x":94.91319274902344,"y":19.799999237060548,"z":-801.0},"rotation":{"x":-0.10933858156204224,"y":-0.24002806842327119,"z":0.026867149397730829,"w":-0.96440190076828},"size":72.12523651123047,"orthographic":false}