{"cameraMode":{"drawMode":0,"name":"Shaded","section":"Shading Mode"},"sceneLighting":true,"audioPlay":false,"sceneViewState":{"showFog":true,"showMaterialUpdate":false,"showSkybox":true,"showFlares":true,"showImageEffects":true,"showParticleSystems":true},"in2DMode":false,"pivot":{"x":-370.82232666015627,"y":-439.318359375,"z":211.1170654296875},"rotation":{"x":0.363791286945343,"y":0.011149425059556961,"z":-0.004397103097289801,"w":0.9315506815910339},"size":2267.230224609375,"orthographic":false}