{"cameraMode":{"drawMode":0,"name":"Shaded","section":"Shading Mode"},"sceneLighting":true,"audioPlay":false,"sceneViewState":{"showFog":true,"showMaterialUpdate":false,"showSkybox":true,"showFlares":true,"showImageEffects":true,"showParticleSystems":true},"in2DMode":false,"pivot":{"x":1043.0400390625,"y":2079.38427734375,"z":211.1170654296875},"rotation":{"x":-0.006368683185428381,"y":0.9931666851043701,"z":-0.09895602613687515,"w":-0.0638384148478508},"size":7772.240234375,"orthographic":false}